S.NO,SiteName,Site_Address_1,Site_Address_2,Site_Address_3,City,State,PostCode,Combined_Address,Standardized_Address_formatted,Standardized_Address_street_number,Standardized_Address_street_name,Standardized_Address_street_type,Standardized_Address_unit_type,Standardized_Address_unit_number,Standardized_Address_city,Standardized_Address_state,Standardized_Address_postal_code,Standardized_Address_country,Standardized_Address_confidence,Standardized_Address_issues,Standardized_Address_status,Standardized_Address_api_source,Standardized_Address_latitude,Standardized_Address_longitude
1,Hostway Ltd-ST001981,John Lang 2 Harbour Exchange Square Docklands London E14 9GE,,,,,,John Lang 2 Harbour Exchange Square Docklands London E14 9GE,John Lang 2 Harbour Exchange Square Docklands London E14 9GE,,,,,,,,,,low,,error,,,
2,Infusion-ST013156,7th Floor  2 Harbour Exchange Square,,,London,,E14 9GE,"7th Floor  2 Harbour Exchange Square, London, E14 9GE","7th Floor, 2 Harbour Exchange Square, London, E14 9GE, GBR",2,Harbour Exchange Square,Square,Floor,7th,London,England,E14 9GE,GBR,high,,success,azure_openai_enhanced_by_nominatim_simplified,51.4986748,-0.0150277
3,Interfleet Technologies Ltd-ST002155,Suite 9.03 Exchange Tower 1 Harbour Exchange Square,,,London,,E14 9GE,"Suite 9.03 Exchange Tower 1 Harbour Exchange Square, London, E14 9GE","1 Harbour Exchange Square, Suite 9.03, London, E14 9GE, GBR",1,Harbour Exchange Square,Square,Suite,9.03,London,England,E14 9GE,GBR,high,,success,azure_openai_enhanced_by_nominatim_simplified,51.4988534,-0.0143225
4,Johnson Controls-ST002347,Pilgrims House Unit 3  Links Business Centre Old Woking Road  Surrey GU22 8BF,,,,,GU22 8BF,"Pilgrims House Unit 3  Links Business Centre Old Woking Road  Surrey GU22 8BF, GU22 8BF","Pilgrims House, Unit 3, Links Business Centre, Old Woking Road, Surrey, GU22 8BF, United Kingdom",,Old Woking Road,Road,Unit,3,Woking,ENG,GU22 8BF,GBR,medium,missing_city,success,azure_openai_enhanced_by_nominatim_simplified,51.3078100,-0.5358600
5,Keble House,Keble House  Southernhay Gardens. Exeter,,,,,EX1 1NT,"Keble House  Southernhay Gardens. Exeter, EX1 1NT","Keble House Southernhay Gardens, Exeter, EX1 1NT, GBR",,Keble House Southernhay Gardens,,,,Exeter,England,EX1 1NT,GBR,high,,success,azure_openai_enhanced_by_nominatim_simplified,50.7219504,-3.5254266
6,NO.3 BRINDLEY PLACE-ST033509,c/o GVA GRIMLEY PMA321  PO BOX 8790,,,Birmingham,,B1 2JJ,"c/o GVA GRIMLEY PMA321  PO BOX 8790, Birmingham, B1 2JJ","Care Of (C/O) GVA GRIMLEY PMA321, PO BOX 8790, Birmingham, B1 2JJ, GBR",PO BOX 8790,GVA GRIMLEY PMA321,PO BOX,Care Of (C/O),,Birmingham,England,B1 2JJ,GBR,high,,success,azure_openai_enhanced_by_nominatim_simplified,52.4796992,-1.9026911
